{
    "02": 87.13,
    "03": 103.87,
    "04": 134.17,
    "05": 120.38,
    "06": 70.86,
    "07": 53.39,
    "phd_full": 90,
    "sla_embu_full": 90,
    "bonus_valido": false,
    "valor_bonus_contagem": 1064.11,
    "phd_bonus_values": {
        "90.0": 0.0,
        "91.0": 214.25,
        "92.0": 428.5,
        "93.0": 642.75,
        "94.0": 857.0,
        "95.0": 1071.25,
        "96.0": 1285.5,
        "97.0": 1499.75,
        "98.0": 1714.0,
        "99.0": 1928.25,
        "100.0": 2142.5
    },
    "phd_mini_low": 94,
    "phd_mini_high": 95,
    "phd_decimal": 96.66666666666544,
    "media": 94.97,
    "media_full": 90,
    "multiplicador_bonus_sla": 1,
    "porcentagem_da_barra_sla": 0,
    "porcentagem_da_barra_pdh_mini": 85.473,
    "porcentagem_da_barra_pdh_full": 0,
    "valor_bonus": 0.04966666666666655,
    "pedidos_pendentes": 1336,
    "envios_dia": 2349,
    "envios_mes": 21425
}