{
    "02": 87.16,
    "03": 103.87,
    "04": 134.17,
    "05": 120.38,
    "06": 70.86,
    "07": 58.2,
    "08": 11.09,
    "phd_full": 90,
    "sla_embu_full": 90,
    "bonus_valido": false,
    "valor_bonus_contagem": 221.15,
    "phd_bonus_values": {
        "90": 0.0,
        "91": 221.15,
        "92": 442.3,
        "93": 663.45,
        "94": 884.6,
        "95": 1105.75,
        "96": 1326.9,
        "97": 1548.05,
        "98": 1769.2,
        "99": 1990.35,
        "100": 2211.5
    },
    "phd_mini_low": 0,
    "phd_mini_high": 90,
    "phd_decimal": 67.57142857142924,
    "media": 83.68,
    "media_full": 90,
    "multiplicador_bonus_sla": 1,
    "porcentagem_da_barra_sla": 0,
    "porcentagem_da_barra_pdh_mini": 75.31200000000001,
    "porcentagem_da_barra_pdh_full": 0,
    "valor_bonus": 0.01,
    "pedidos_pendentes": 1196,
    "envios_dia": 477,
    "envios_mes": 22115
}