{
    "02": 49.51,
    "03": 53.94,
    "04": 42.14,
    "05": 89.11,
    "06": 105.97,
    "09": 90.36,
    "10": 74.86,
    "phd_full": 90,
    "sla_embu_full": 90,
    "bonus_valido": false,
    "valor_bonus_contagem": 570.38,
    "phd_bonus_values": {
        "90": 0.0,
        "91": 570.38,
        "92": 1140.76,
        "93": 1711.14,
        "94": 2281.52,
        "95": 2851.9,
        "96": 3422.28,
        "97": 3992.66,
        "98": 4563.04,
        "99": 5133.42,
        "100": 5703.8
    },
    "phd_mini_low": 0,
    "phd_mini_high": 90,
    "phd_decimal": 26.999999999999602,
    "media": 72.27,
    "media_full": 90,
    "multiplicador_bonus_sla": 1,
    "porcentagem_da_barra_sla": 0,
    "porcentagem_da_barra_pdh_mini": 65.04299999999999,
    "porcentagem_da_barra_pdh_full": 0,
    "valor_bonus": 0.01,
    "pedidos_pendentes": 365,
    "envios_dia": 957,
    "envios_mes": 57038
}