{
    "01": 37.62,
    "02": 42.79,
    "03": 40.19,
    "04": 53.71,
    "07": 56.7,
    "08": 52.5,
    "09": 60.58,
    "10": 58.84,
    "11": 30.71,
    "14": 48.17,
    "15": 55.8,
    "16": 37.88,
    "17": 51.06,
    "18": 65.37,
    "19": 208.72,
    "21": 73.14,
    "phd_full": 92.63,
    "sla_embu_full": 99.85,
    "bonus_valido": true,
    "valor_bonus_contagem": 2958.75,
    "phd_bonus_values": {
        "90.0": 0.0,
        "91.0": 1125.0,
        "92.0": 2250.0,
        "93.0": 3375.0,
        "94.0": 4500.0,
        "95.0": 5625.0,
        "96.0": 6750.0,
        "97.0": 7875.0,
        "98.0": 9000.0,
        "99.0": 10125.0,
        "100.0": 11250.0
    },
    "phd_mini_low": 92,
    "phd_mini_high": 93,
    "phd_decimal": 62.999999999999545,
    "media": 60.86,
    "media_full": 92.63,
    "multiplicador_bonus_sla": 1.5,
    "porcentagem_da_barra_sla": 96.99999999999989,
    "porcentagem_da_barra_pdh_mini": 63.0,
    "porcentagem_da_barra_pdh_full": 26.299999999999997,
    "valor_bonus": 0.026299999999999955,
    "pedidos_pendentes": 24506,
    "envios_dia": 2633,
    "envios_mes": 75000
}