{
    "01": 37.53,
    "02": 41.24,
    "03": 38.78,
    "04": 32.27,
    "bonus_valido": true,
    "phd_bonus_values": {
        "90.0": 0.0,
        "91.0": 46.06,
        "92.0": 92.12,
        "93.0": 138.18,
        "94.0": 184.24,
        "95.0": 230.3,
        "96.0": 276.36,
        "97.0": 322.42,
        "98.0": 368.48,
        "99.0": 414.54,
        "100.0": 460.6
    },
    "phd_mini_low": 90,
    "phd_mini_high": 91,
    "phd_decimal": 45.49999999999983,
    "media": 37.45,
    "media_full": 90,
    "multiplicador_bonus_sla": 0.5,
    "porcentagem_da_barra_sla": 0,
    "porcentagem_da_barra_pdh_mini": 0,
    "porcentagem_da_barra_pdh_full": 0,
    "nivel_de_bonus": "Nivel 0",
    "valor_bonus": -0.52545,
    "pedidos_pendentes": 2783,
    "envios_dia": 968,
    "envios_mes": 4606
}