{
    "02": 50.14,
    "03": 59.15,
    "04": 45.69,
    "05": 92.28,
    "06": 106.6,
    "09": 91.47,
    "10": 81.31,
    "phd_full": 90,
    "sla_embu_full": 90,
    "bonus_valido": false,
    "valor_bonus_contagem": 512.39,
    "phd_bonus_values": {
        "90": 0.0,
        "91": 512.39,
        "92": 1024.78,
        "93": 1537.17,
        "94": 2049.56,
        "95": 2561.95,
        "96": 3074.34,
        "97": 3586.73,
        "98": 4099.12,
        "99": 4611.51,
        "100": 5123.9
    },
    "phd_mini_low": 0,
    "phd_mini_high": 90,
    "phd_decimal": 23.428571428571843,
    "media": 75.23,
    "media_full": 90,
    "multiplicador_bonus_sla": 1,
    "porcentagem_da_barra_sla": 0,
    "porcentagem_da_barra_pdh_mini": 67.70700000000001,
    "porcentagem_da_barra_pdh_full": 0,
    "valor_bonus": 0.01,
    "pedidos_pendentes": 4952,
    "envios_dia": 907,
    "envios_mes": 51239
}