{
    "02": 73.24,
    "03": 45.97,
    "04": 50.71,
    "05": 48.21,
    "06": 66.5,
    "09": 27.89,
    "phd_full": 90,
    "sla_embu_full": 90,
    "bonus_valido": false,
    "valor_bonus_contagem": 111.51,
    "phd_bonus_values": {
        "90": 0.0,
        "91": 111.51,
        "92": 223.02,
        "93": 334.53,
        "94": 446.04,
        "95": 557.55,
        "96": 669.06,
        "97": 780.57,
        "98": 892.08,
        "99": 1003.59,
        "100": 1115.1
    },
    "phd_mini_low": 0,
    "phd_mini_high": 90,
    "phd_decimal": 8.6666666666666,
    "media": 52.09,
    "media_full": 90,
    "multiplicador_bonus_sla": 1,
    "porcentagem_da_barra_sla": 0,
    "porcentagem_da_barra_pdh_mini": 46.88100000000001,
    "porcentagem_da_barra_pdh_full": 0,
    "valor_bonus": 0.01,
    "pedidos_pendentes": 4482,
    "envios_dia": 1060,
    "envios_mes": 11151
}