{
    "02": 87.16,
    "03": 104.11,
    "04": 134.53,
    "05": 120.62,
    "06": 70.48,
    "07": 58.48,
    "08": 23.0,
    "09": 19.21,
    "10": 24.43,
    "11": 39.64,
    "13": 58.32,
    "14": 61.39,
    "15": 58.31,
    "16": 82.24,
    "17": 63.34,
    "18": 91.53,
    "20": 66.76,
    "21": 63.76,
    "22": 50.85,
    "23": 65.87,
    "24": 32.8,
    "phd_full": 90,
    "sla_embu_full": 90,
    "bonus_valido": false,
    "valor_bonus_contagem": 571.6,
    "phd_bonus_values": {
        "90": 0.0,
        "91": 571.6,
        "92": 1143.2,
        "93": 1714.8,
        "94": 2286.4,
        "95": 2858.0,
        "96": 3429.6,
        "97": 4001.2,
        "98": 4572.8,
        "99": 5144.4,
        "100": 5716.0
    },
    "phd_mini_low": 0,
    "phd_mini_high": 90,
    "phd_decimal": 56.33333333333326,
    "media": 65.56,
    "media_full": 90,
    "multiplicador_bonus_sla": 1,
    "porcentagem_da_barra_sla": 0,
    "porcentagem_da_barra_pdh_mini": 59.004000000000005,
    "porcentagem_da_barra_pdh_full": 0,
    "valor_bonus": 0.01,
    "pedidos_pendentes": 14443,
    "envios_dia": 1640,
    "envios_mes": 57160
}