{
    "02": 73.24,
    "03": 45.97,
    "04": 50.71,
    "05": 48.21,
    "06": 66.5,
    "09": 47.47,
    "phd_full": 90,
    "sla_embu_full": 90,
    "bonus_valido": false,
    "valor_bonus_contagem": 118.95,
    "phd_bonus_values": {
        "90": 0.0,
        "91": 118.95,
        "92": 237.9,
        "93": 356.85,
        "94": 475.8,
        "95": 594.75,
        "96": 713.7,
        "97": 832.65,
        "98": 951.6,
        "99": 1070.55,
        "100": 1189.5
    },
    "phd_mini_low": 0,
    "phd_mini_high": 90,
    "phd_decimal": 35.00000000000014,
    "media": 55.35,
    "media_full": 90,
    "multiplicador_bonus_sla": 1,
    "porcentagem_da_barra_sla": 0,
    "porcentagem_da_barra_pdh_mini": 49.815000000000005,
    "porcentagem_da_barra_pdh_full": 0,
    "valor_bonus": 0.01,
    "pedidos_pendentes": 4058,
    "envios_dia": 1804,
    "envios_mes": 11895
}