{
    "02": 87.13,
    "03": 103.87,
    "04": 134.17,
    "05": 120.38,
    "06": 70.86,
    "07": 53.41,
    "phd_full": 90,
    "sla_embu_full": 90,
    "bonus_valido": false,
    "valor_bonus_contagem": 1064.87,
    "phd_bonus_values": {
        "90.0": 0.0,
        "91.0": 214.26,
        "92.0": 428.52,
        "93.0": 642.78,
        "94.0": 857.04,
        "95.0": 1071.3,
        "96.0": 1285.56,
        "97.0": 1499.82,
        "98.0": 1714.08,
        "99.0": 1928.34,
        "100.0": 2142.6
    },
    "phd_mini_low": 94,
    "phd_mini_high": 95,
    "phd_decimal": 96.99999999999847,
    "media": 94.97,
    "media_full": 90,
    "multiplicador_bonus_sla": 1,
    "porcentagem_da_barra_sla": 0,
    "porcentagem_da_barra_pdh_mini": 85.473,
    "porcentagem_da_barra_pdh_full": 0,
    "valor_bonus": 0.04969999999999985,
    "pedidos_pendentes": 1335,
    "envios_dia": 2350,
    "envios_mes": 21426
}